Time,Day_Of_Year,TT_16,PYNM_02,TT_11,FT_02,Wind_Velocity,HG_ARRAY_02
9/10/17,253,null,214.8880597,59.39241294,19.28971675,35.5,1598.33874
9/11/17,254,null,189.9333333,53.71666667,19.225,35.5,1222.361
9/12/17,255,null,null,null,null,null,null
9/13/17,256,null,null,null,null,null,null
9/14/17,257,null,96.169219,53.57643312,19.1763245,35.5,3250.427007
9/15/17,258,null,141.277743,51.29538131,19.22147002,35.5,2619.896205
9/16/17,259,null,0.369346216,41.27884615,null,35.5,null
9/17/17,260,null,null,null,null,null,null
9/18/17,261,null,77.97882933,47.58394834,19.11201299,null,3947.057597
9/19/17,262,null,90.42162722,51.83945498,18.95811574,null,3185.809257
9/20/17,263,null,109.3868011,53.04532374,18.92825107,null,3142.004482
9/21/17,264,null,150.8262506,52.37575301,17.88452549,null,2433.118706
9/22/17,265,null,4.465026239,41.25439883,16.475,null,1584.479
9/23/17,266,null,2.078335075,33.32083333,null,null,null
9/24/17,267,null,147.1023209,60.2228164,19.05063291,35.84166667,3379.843033
9/25/17,268,null,115.3108149,57.08197832,19.01276002,null,3335.671023
9/26/17,269,null,111.7838594,54.52992958,19.0623823,null,3271.339353
9/27/17,270,null,94.10121875,39.15044014,0.067164104,null,4396.358658
9/28/17,271,null,84.57461784,37.72059859,0.001529469,null,0.183823529
9/29/17,272,null,63.92570391,31.44345238,0.001083374,null,0.124
9/30/17,273,null,1.637569305,35.29538799,null,null,null
10/1/17,274,null,85.36645253,37.03677511,0.001274558,null,0.195
10/2/17,275,null,92.29802067,36.24022887,0.001365993,null,0.177391304
10/3/17,276,null,94.96764575,36.52167019,0.001083374,null,0.1209
10/4/17,277,null,85.22938843,36.94964789,0.001354218,null,0.191416667
10/5/17,278,null,85.78505978,55.00061175,18.1379032,null,3338.700833
10/6/17,279,null,null,null,null,null,null
10/7/17,280,null,33.29171007,58.31909283,18.925,null,2436.6147
10/8/17,281,null,0.403118428,41.64797794,null,null,null
10/9/17,282,null,118.2150101,49.68014129,18.77920082,null,2477.908528
10/10/17,283,36.87609329,124.4149038,48.23429693,18.81665827,null,2488.527453
10/11/17,284,40.0840669,141.4051822,47.53785211,18.80241293,4.978181818,2963.157384
10/12/17,285,44.38450704,155.836147,50.69053483,18.83330588,5.240833333,1987.4646
10/13/17,286,44.82327892,177.1637034,52.81631747,18.82608154,4.850142857,2389.064284
10/14/17,287,44.97361013,190.8845587,53.69669247,18.89267999,3.480983607,3023.979844
10/15/17,288,46.14450128,367.6550725,49.63313296,18.87171053,5.077157895,2940.025536
10/16/17,289,39.01694095,350.8066914,44.70118066,18.82374292,4.964893617,2816.833098
10/17/17,290,39.79231449,333.7863777,47.16978799,18.82909226,4.807307692,2569.055993
10/18/17,291,40.24674754,404.0524781,48.17158931,18.88701923,3.877291667,2811.950947
10/19/17,292,36.18239796,380.8703704,42.32302296,18.84058989,3.376923077,2357.814628
10/20/17,293,null,null,null,null,null,null
10/21/17,294,null,null,null,null,null,null
10/22/17,295,33.8186849,273.1694915,38.83648003,18.79571429,4.792692308,2127.941422
10/23/17,296,41.24727113,358.8225141,49.25519366,18.80837419,5.7234375,2497.076932
10/24/17,297,44.89702155,189.7887216,51.60313688,18.75733061,4.516041667,2548.970594
10/25/17,298,26.52997835,230.2897917,34.24935065,null,3.57875,null
10/26/17,299,35.82899367,192.5378982,41.26345883,18.65767678,4.158125,2286.545987
10/27/17,300,37.80659204,175.2457287,41.70113717,18.76486811,3.6640625,2434.749493
10/28/17,301,36.06587358,149.5478364,42.48466312,18.7444127,3.867912088,2280.511415
10/29/17,302,33.58251232,116.7590423,40.30550669,18.78282493,4.089166667,2187.117459
10/30/17,303,33.90385292,143.1466208,40.24894441,18.69591808,3.468125,2282.356117
10/31/17,304,31.97739268,118.4267298,38.11655524,18.65715843,3.4265625,1966.332685
11/1/17,305,36.61725897,128.3112709,44.28712175,18.69628654,3.613125,2163.988275
11/2/17,306,30.45135468,76.59856854,36.341133,18.545,3.42375,1824.363723
11/3/17,307,31.93710415,133.9876317,37.83814215,18.60089286,3.3325,2120.262136
11/4/17,308,32.15728228,95.99045928,38.8887012,18.6735,3.442413793,1842.604914
11/5/17,309,34.57992958,86.99764094,36.77808099,18.66691176,3.59375,2018.874967
11/6/17,310,29.85941952,64.85189041,33.71875,18.6745621,3.35875,1739.435437
11/7/17,311,20.25913462,45.659375,25.54278846,18.64673913,3.603578947,1118.358857
11/8/17,312,36.74002602,195.2912588,44.09854727,18.70485605,3.408125,2218.451411
11/9/17,313,33.67716397,98.24577507,40.68798381,18.52358875,3.275520833,2039.087917
11/10/17,314,32.68367347,107.7508814,39.59465165,18.58300183,3.4284375,2177.938941
11/11/17,315,32.78389085,87.49672009,41.42455986,18.66990526,3.643020833,2266.73721
11/12/17,316,33.34383803,101.9873109,41.89465797,18.67369186,4.6559375,2008.966244
11/13/17,317,31.67077465,69.35016389,38.63496121,18.68020887,6.2675,1954.310268
11/14/17,318,16.44722027,10.39467211,19.19634061,null,6.696770833,null
11/15/17,319,27.71248241,124.7976021,33.00806025,18.65120624,3.380210526,1861.366119
11/16/17,320,30.69262124,78.81905755,37.2373431,18.43452381,4.8025,1662.113697
11/17/17,321,35.84385996,153.928292,43.14250528,18.74275,3.503636364,2217.107805
11/18/17,322,33.46009142,191.3014965,42.14539381,18.63376913,4.580625,2512.981844
11/19/17,323,33.50035236,182.3034569,36.48176533,18.56921731,5.277083333,2692.619853
11/20/17,324,30.7434905,178.6001259,36.79429099,13.86800192,5.012395833,2033.376707
11/21/17,325,31.74012158,143.6324151,39.69410646,18.7117737,5.694606742,2352.872347
11/22/17,326,32.80933099,188.7846506,40.63327465,18.72250791,3.955888889,2702.602761
11/23/17,327,32.03716573,190.8365599,39.58295215,18.74422122,4.831875,2573.263381
11/24/17,328,34.57477129,194.538415,43.0848874,18.76125813,3.685,2635.589326
11/25/17,329,30.78424296,173.8439459,37.47931338,18.7808689,4.365625,2346.334115
11/26/17,330,31.6244722,170.3365961,39.2570373,18.74944887,4.843125,2564.649772
11/27/17,331,31.79934905,184.7864523,39.0984342,18.79937351,3.416875,2614.446974
11/28/17,332,32.05382923,155.8028982,39.13591549,18.84352078,3.478125,2414.436198
11/29/17,333,35.28071043,161.532173,43.55845324,18.80766455,4.555,2389.935173
11/30/17,334,32.36263636,195.6761716,39.97547238,18.64793457,4.112916667,2560.188238
12/1/17,335,30.3008658,173.8173085,37.55925325,18.83166667,3.399375,2394.075973
12/2/17,336,null,null,null,null,4.115,null
12/3/17,337,34.06902825,180.2328466,41.92337329,18.59612104,3.725,2119.88854
12/4/17,338,32.99104585,137.6246077,40.23656877,18.80192786,5.154210526,2229.033866
12/5/17,339,33.58956414,193.3500968,41.35161233,18.83213496,6.151666667,2542.741247
12/6/17,340,26.4326082,151.6960734,33.68255064,18.81684492,5.6865625,2507.701973
12/7/17,341,33.40035211,179.7872636,41.03450704,18.73030345,5.123958333,2498.744582
12/8/17,342,29.23912852,147.4092661,39.34330986,18.25431521,3.13125,2403.023818
12/9/17,343,18.03727993,115.8715007,23.47345951,0.001083374,3.897916667,0.137
12/10/17,344,14.71172481,14.1580176,15.48119274,null,6.754791667,null
12/11/17,345,13.58752648,54.26376683,15.42002119,2.500541687,6.915,131.166
12/12/17,346,12.58223921,80.48254823,16.42352624,0.001083374,3.879375,0.185083333
12/13/17,347,11.06621423,70.38649986,13.45987711,0.001083374,6.183125,0.059
12/14/17,348,26.90572183,100.7385302,26.77090669,18.36112092,6.3115625,480.5828835
12/15/17,349,34.11167312,188.5145851,36.49876847,18.73448441,6.73875,1007.282528
12/16/17,350,32.5849912,200.3888321,36.31751761,18.6758492,6.61,655.0686864
12/17/17,351,33.06764602,185.3272308,37.80058058,18.82488479,6.3775,1060.372701
12/18/17,352,32.24379838,165.3984719,37.15508445,18.79991319,4.683125,1323.549573
12/19/17,353,33.30695813,96.39302329,38.43692822,18.66799726,4.853125,1196.527205
12/20/17,354,32.62209302,167.8047575,38.52986258,18.72045661,5.546979167,1301.042142
12/21/17,355,38.76448763,205.832888,40.94545615,18.76697932,4.646153846,1576.099986
12/22/17,356,39.71596244,193.0914107,42.75007336,18.59729391,null,1856.536836
12/23/17,357,null,null,null,null,null,null
12/24/17,358,null,null,null,null,null,null
12/25/17,359,32.30302548,13.89548485,40.48980892,16.61458333,null,1243.162583
12/26/17,360,28.09680683,121.2821961,35.03316327,18.68236806,null,1496.16309
12/27/17,361,27.31254398,175.4591274,34.12596763,18.72630346,null,2071.509988
12/28/17,362,27.95091485,179.3911229,35.65200563,18.73913043,null,1952.385348
12/29/17,363,33.38899648,150.108225,41.88107394,null,null,null
12/30/17,364,29.13926678,120.9389923,36.58886926,null,null,null
12/31/17,365,26.38301397,72.37302153,33.92863539,null,null,null
1/1/18,1,13.83499794,16.26774015,19.85442387,null,2.988448276,null
1/2/18,2,22.01693077,67.06685372,27.67547906,null,3.240625,null
1/3/18,3,10.22888128,11.5985973,15.84731735,null,2.846666667,null
1/4/18,4,28.34934284,40.03333362,36.01648045,null,null,null
1/5/18,5,29.08985749,164.2094543,37.38291696,null,null,null
1/6/18,6,34.35375616,189.9586969,42.79890922,null,null,null
1/7/18,7,30.51741731,183.5998755,38.00105559,null,null,null
1/8/18,8,34.42773575,193.7154005,45.171886,null,null,null
1/9/18,9,30.13850281,198.4824298,37.99753695,null,null,null
1/10/18,10,32.69497713,153.7127236,41.24749296,0.001083374,null,0.165
1/11/18,11,34.30304363,175.6076468,42.90877903,null,null,null
1/12/18,12,30.15715165,183.291672,37.35679099,null,null,null
1/13/18,13,29.4741867,195.4050379,37.83495403,null,null,null
1/14/18,14,31.98434046,196.2072557,40.79891304,null,null,null
1/15/18,15,33.62310606,223.3619152,41.73863636,null,null,null
1/16/18,16,29.09122097,174.9554944,37.00404645,null,null,null
1/17/18,17,32.14587729,194.2946131,40.18802817,null,null,null
1/18/18,18,32.82203762,208.4543981,40.77399789,18.83879781,5.011139241,2762.679107
1/19/18,19,35.32996129,216.0610207,39.32996129,18.81108916,5.033333333,2801.99618
1/20/18,20,32.33570675,196.0345055,38.09498066,18.78309333,2.975520833,2666.698193
1/21/18,21,28.47303835,182.026756,36.4606791,18.71489295,4.9046875,2328.628003
1/22/18,22,11.76696554,14.73828079,14.84906821,0.094735405,5.674166667,4.004467186
1/23/18,23,28.76552604,203.4313376,36.19858374,5.773073802,3.734166667,796.2324502
1/24/18,24,31.06272163,108.9523992,38.96888298,5.207626602,5.1890625,741.1665645
1/25/18,25,16.75458115,41.46000491,20.58965969,0.228686305,4.253088235,8.639542857
1/26/18,26,17.27502094,1.916045031,24.95406879,null,null,null
1/27/18,27,18.86172644,49.86923589,22.9022064,13.89498385,null,1188.089162
1/28/18,28,28.38547535,176.9711357,37.19507576,18.75901145,3.964556962,2530.136517
1/29/18,29,34.66106615,187.5619415,43.38511612,18.74205333,6.698854167,2582.097763
1/30/18,30,30.76464638,159.5714917,37.40737157,18.72167266,5.429583333,2309.151349
1/31/18,31,28.77999648,200.521819,36.16687192,18.74296694,5.813645833,2491.701084
2/1/18,32,28.36228888,232.8796413,34.83233638,18.79048295,4.65375,2756.601394
2/2/18,33,35.43903941,239.9356162,43.60063336,18.76765844,5.3790625,2956.470148
2/3/18,34,33.96218265,236.0165773,42.71517983,18.811697,4.6003125,2848.564818
2/4/18,35,36.46147687,199.8383073,45.486121,18.76727514,3.9921875,2786.345527
2/5/18,36,33.84228157,248.127414,42.32831988,18.70888833,5.728645833,2852.418759
2/6/18,37,27.80286092,184.2513042,34.42103873,18.73470903,4.224895833,2349.319846
2/7/18,38,35.82849043,233.790754,45.12075071,18.74211712,4.344067797,2843.202488
2/8/18,39,32.97259852,235.0582307,41.38318086,18.71402577,4.889875,2740.119294
2/9/18,40,35.50558979,210.4856683,45.07367958,18.78785341,4.503645833,2768.836309
2/10/18,41,30.42531668,112.606807,36.89936664,18.7809375,6.8334375,2376.082368
2/11/18,42,25.47821303,70.68392777,31.2034331,7.648237444,15.634375,814.1761004
2/12/18,43,36.41678395,215.3487588,45.4533779,6.28751682,5.857708333,1014.96381
2/13/18,44,35.29581866,254.8754609,44.34753521,12.60885744,7.021458333,2026.781329
2/14/18,45,35.72082158,216.7066536,44.37773272,18.72900227,6.572291667,2536.2041
2/15/18,46,32.71563604,218.0984348,40.13657244,18.78705562,5.433157895,2640.812566
2/16/18,47,40.94542877,249.3324142,50.18905032,18.80889977,5.736145833,2980.129968
2/17/18,48,37.94557459,256.4137724,46.98545682,18.8407173,4.445208333,3097.509371
2/18/18,49,36.6427683,251.8378265,44.66331792,18.84529873,4.486770833,3166.955991
2/19/18,50,37.33374734,198.3747008,43.9810149,18.87527056,5.560961538,3088.595557
2/20/18,51,37.98249472,202.880985,47.37227305,18.83436795,7.158974359,2946.436837
2/21/18,52,35.89875088,174.0002867,43.89013019,18.74968352,3.714791667,2682.356493
2/22/18,53,34.65096831,127.3997309,41.72508803,18.82967203,3.988541667,2642.677651
2/23/18,54,32.32195637,135.9037748,38.9086031,18.75397074,8.4584375,2574.307238
2/24/18,55,35.19924349,112.2919585,43.04090429,18.84906639,6.609270833,3081.805952
2/25/18,56,36.95704225,72.29793924,45.6693662,18.81657771,7.3315625,3161.409945
2/26/18,57,41.13933849,69.86390524,46.42698804,18.84106956,6.538125,3218.915117
2/27/18,58,39.09846072,144.4730216,45.67860934,18.8484375,3.971875,2588.214653
2/28/18,59,39.8117284,160.3121516,48.17825342,18.73788322,6.376,2883.011693
3/1/18,60,null,null,null,null,null,null
3/2/18,61,null,null,null,null,null,null
3/3/18,62,null,null,null,null,null,null
3/4/18,63,43.42141623,252.2884871,53.26950431,18.8724605,5.17027027,3464.536799
3/5/18,64,38.74515845,235.0130969,47.16109155,18.86124727,6.223506494,3399.589754
3/6/18,65,40.79401408,255.6302147,49.41742958,18.85244318,5.017604167,3119.616745
3/7/18,66,40.01179577,247.8282421,48.14586268,18.9082397,6.25125,3240.904845
3/8/18,67,37.39029655,242.9521544,44.68140015,18.875,6.363229167,3175.456383
3/9/18,68,null,null,null,null,6.613125,null
3/10/18,69,null,null,null,null,5.520625,null
3/11/18,70,39.36811626,335.940755,47.30371179,18.88502506,5.357831325,3304.145276
3/12/18,71,44.58661972,272.7798294,53.37658451,18.92,5.544270833,3302.079768
3/13/18,72,39.24260563,263.6446165,46.64146127,18.84855769,6.857916667,3132.941452
3/14/18,73,38.6168957,255.6200082,46.1160148,18.88938492,7.173645833,2959.988825
3/15/18,74,37.41167137,302.6333696,45.21976375,18.76482548,6.1359375,3210.722943
3/16/18,75,38.56404158,320.0709851,47.01682523,18.87768785,6.406979167,3291.462563
3/17/18,76,40.49585099,321.2657833,49.12491166,18.96141975,4.868333333,3485.577942
3/18/18,77,39.2689098,299.3631802,47.20871804,18.8592564,5.078854167,3161.506849
3/19/18,78,39.73045775,206.9734803,44.26382042,18.89027778,5.9728125,2951.932332
3/20/18,79,31.29806338,135.6847161,36.28001761,18.83657095,7.923297872,2236.642457
3/21/18,80,34.72693662,251.7907601,41.92332746,18.83766352,4.2071875,2727.75614
3/22/18,81,37.66103045,325.3354991,45.31373938,18.88687016,3.839411765,3204.867262
3/23/18,82,42.78213028,329.5536062,51.99727113,18.8779703,null,3311.682044
3/24/18,83,39.82144116,340.9680272,47.92996829,18.93538767,null,3413.397384
3/25/18,84,40.85665496,325.1733395,48.63739266,18.85524806,null,3203.684049
3/26/18,85,37.19605263,50.96578453,44.34276316,18.84375,null,1566.353867
3/27/18,86,42.5897007,342.4278927,50.95625,18.85650525,null,3331.723993
3/28/18,87,40.23890063,349.2445622,48.09205426,18.91107651,null,3366.026941
3/29/18,88,38.73299859,323.728703,45.19089147,18.92407407,null,3165.882215
3/30/18,89,39.20739437,330.4145369,46.57816901,18.92342557,null,3180.626448
3/31/18,90,38.56003584,313.3050568,45.96897418,18.91353955,null,3178.040643
4/1/18,91,31.13758993,150.2326313,37.77797834,18.77678571,null,2405.911478
4/2/18,92,47.56563297,286.03916,57.38179117,18.94024123,null,2916.138413
4/3/18,93,40.07052186,284.104431,47.3901622,18.92286151,null,3064.398606
4/4/18,94,40.92423015,184.8149182,47.72576737,18.78900684,null,2237.841768
4/5/18,95,38.92084404,279.72222,45.6730934,18.8877907,null,2828.471679
4/6/18,96,41.16215253,327.3426128,48.85580357,18.89579183,null,3188.072335
4/7/18,97,28.15373563,61.15386285,34.31714286,18.96875,null,2657.382
4/8/18,98,39.91645299,312.4636956,47.47155689,18.9063914,null,3102.896183
4/9/18,99,35.17586389,106.4976784,41.56879845,14.65428275,null,1726.189972
4/10/18,100,30.27944349,84.73095167,36.55500431,3.114532497,null,375.3466997
4/11/18,101,43.53356237,378.2329377,53.14333568,14.33597817,null,2509.155433
4/12/18,102,41.46824419,366.4417135,49.49894441,18.96339641,null,3390.838669
4/13/18,103,39.57535211,350.6984013,47.175,18.91587902,null,3148.996473
4/14/18,104,40.61716549,319.6554454,49.56324877,18.44150203,null,3470.12287
4/15/18,105,30.82984155,215.098607,37.9278169,0.001083374,null,0.262333333
4/16/18,106,28.8493838,382.0472441,36.95022903,0.001300049,null,0.3178
4/17/18,107,29.69401408,395.0550971,37.8551797,0.001083374,null,0.313666667
4/18/18,108,30.03151709,268.7335105,36.95293594,0.001083374,null,0.15
4/19/18,109,27.39490839,265.8300713,31.70313601,0.001083374,null,0.135
4/20/18,110,25.6602993,404.4697184,31.99815141,0.001300049,null,0.2692
4/21/18,111,44.84454225,430.3950995,53.79298802,18.6359843,null,3441.596817
4/22/18,112,43.40042224,406.0269243,51.88573944,18.93032787,null,3580.306596
4/23/18,113,44.76496479,398.9864694,53.62552817,18.93878505,null,3568.117935
4/24/18,114,47.0606488,359.2177242,53.51021846,18.92294607,null,3557.046848
4/25/18,115,47.34494342,322.5758535,53.3101557,18.90733875,null,3329.870203
4/26/18,116,47.30950704,312.7902469,55.63494018,18.86146386,null,3300.753351
4/27/18,117,44.15611472,322.1182903,52.33189033,18.90847378,null,3285.619764
4/28/18,118,48.49709507,336.1686464,58.39366197,18.88653203,null,3222.911342
4/29/18,119,41.07022472,205.0902593,49.06554307,18.9,null,2765.719118
4/30/18,120,null,null,null,null,null,null
5/1/18,121,34.6416106,101.1889125,41.87952061,3.230158547,null,475.6360869
5/2/18,122,40.88573944,350.8419093,48.62588028,14.13190556,null,2391.898261
5/3/18,123,47.31289753,355.7298257,52.12649965,18.88154762,null,3338.331571
5/4/18,124,42.34730064,314.3109244,49.16637262,18.93416031,null,3281.473985
5/5/18,125,38.76442308,192.7115131,45.73967236,18.76230807,null,2700.475409
5/6/18,126,55.74907407,572.1641791,66.9113806,18.94029851,null,3465.254414
5/7/18,127,41.88950799,434.6661597,50.24936922,18.93832599,null,3293.695727
5/8/18,128,43.81942393,347.6347729,52.53046529,18.90102761,null,3329.35081
5/9/18,129,43.21458774,344.4469413,50.87455955,18.88519924,null,3267.38174
5/10/18,130,43.70554577,351.3790154,51.64929577,18.9046729,null,3190.465411
5/11/18,131,39.57337914,158.4266881,46.96476392,18.87886859,null,3015.346334
5/12/18,132,42.49163732,311.7129824,50.02359155,18.88701514,null,3134.66059
5/13/18,133,41.24841214,250.9260592,48.22831453,18.90377532,null,2810.952125
5/14/18,134,41.63795839,216.2353317,48.80628088,18.88150322,null,2934.049474
5/15/18,135,41.85979491,309.7410423,49.0887553,18.86068702,null,3029.654971
5/16/18,136,40.88882042,191.7220157,48.11971086,18.87676554,null,2929.722432
5/17/18,137,39.72079694,260.6554172,46.30327273,18.83547425,null,2720.067083
5/18/18,138,41.8486981,316.509098,49.74419423,18.87154878,null,3041.204283
5/19/18,139,42.91349542,391.1682691,50.56606765,18.92155253,null,3296.400081
5/20/18,140,41.67919024,337.789856,48.69130127,18.90630885,null,3120.762765
5/21/18,141,44.3345432,343.9611399,56.375,18.81539974,null,3104.484874
5/22/18,142,43.6806343,343.0240821,51.40644933,18.88738318,null,3166.249985
5/23/18,143,45.93509957,405.2898396,53.67004264,18.86045596,null,3350.420434
5/24/18,144,45.49928724,385.5815007,53.36582324,18.93404059,null,3287.840762
5/25/18,145,46.20426829,380.6943874,54.51398852,18.91900749,null,3238.989592
5/26/18,146,44.77143895,272.7383966,52.18731831,18.83848771,null,2934.429301
5/27/18,147,45.81039216,356.0829974,53.94078431,18.90374088,null,3205.220639
5/28/18,148,46.98538961,299.9970454,55.21827686,18.83729082,null,3125.356879
5/29/18,149,45.88538732,329.8732281,53.57547502,18.84181866,null,3098.49265
5/30/18,150,44.99172535,345.2030488,52.58732394,18.84316406,null,3071.887111
5/31/18,151,43.5653589,300.7455218,51.60767065,18.93883495,null,3022.0232
6/1/18,152,45.48389085,341.4812766,53.48397887,18.93432203,null,3164.127394
6/2/18,153,46.79890922,348.6355624,54.98416608,18.95057034,null,3246.015074
6/3/18,154,46.07975352,316.5917747,53.91056338,18.87194162,null,3155.639534
6/4/18,155,42.17970402,220.500551,51.58221831,9.836700531,null,1644.462087
6/5/18,156,42.89322701,288.7721986,50.02858326,14.27774123,null,2258.381503
6/6/18,157,46.69652062,429.9738173,54.90727194,18.92290749,null,3282.420716
6/7/18,158,43.32423858,277.5105247,50.75960841,17.08586648,null,2774.036591
6/8/18,159,36.76554637,117.3193827,43.09278536,3.745543315,null,621.7659986
6/9/18,160,41.91566901,335.401616,49.09286972,14.18084895,null,2370.809264
6/10/18,161,44.42866027,353.529789,52.20430299,18.86878614,null,3164.245082
6/11/18,162,46.96866197,387.9830603,55.38820423,18.91328668,null,3296.003785
6/12/18,163,47.01727786,260.5245366,55.40891473,18.93862275,null,3171.63586
6/13/18,164,44.66496479,176.726495,53.07165493,18.84699312,null,2979.565774
6/14/18,165,41.2796841,87.34786475,47.20315904,18.54018954,null,2176.705727
6/15/18,166,null,null,null,null,null,null
6/16/18,167,null,null,null,null,null,null
6/17/18,168,42.44721284,195.1121718,51.58804899,16.73352282,null,2580.574885
6/18/18,169,43.07381959,370.0878145,50.59929577,18.87574541,null,3089.739916
6/19/18,170,43.87579225,368.7306002,51.41971831,18.89634725,null,3112.748924
6/20/18,171,47.10677817,333.7914798,55.60669014,18.88860328,null,2881.59933
6/21/18,172,47.49929577,377.3611249,56.11338028,18.93060748,null,3133.161237
6/22/18,173,45.17494715,239.6979313,52.80673009,18.87933025,null,2577.047007
6/23/18,174,46.23644366,414.5337723,54.55528169,18.89947824,null,3100.752673
6/24/18,175,48.55796335,380.5985957,57.53946441,18.90345064,null,3113.190051
6/25/18,176,44.02570423,295.4984054,51.53697183,18.91326046,null,3068.393475
6/26/18,177,32.49875445,45.90636215,37.59092527,5.218333001,null,658.7059197
6/27/18,178,29.06192822,35.96861158,34.18886348,1.556995754,null,158.9297002
6/28/18,179,36.4534331,133.6618073,42.49586268,13.32029744,null,1735.428977
6/29/18,180,41.91739972,230.0750596,49.46850809,18.78302485,null,2972.813707
6/30/18,181,43.00362447,178.0809673,49.97613154,18.84578913,null,2714.941488
7/1/18,182,38.11100352,121.7714219,43.66214789,7.365464078,null,930.3300764
7/2/18,183,34.02702465,73.40579605,39.98521127,4.256005516,null,494.8996338
7/3/18,184,37.81038732,178.0429195,44.24982394,7.199437445,9.324782609,998.4344877
7/4/18,185,39.65937816,184.3704633,46.79701719,12.42160604,4.844166667,1530.658958
7/5/18,186,null,null,null,null,6.28037037,null
7/6/18,187,null,null,null,null,null,null
7/7/18,188,null,null,null,null,null,null
7/8/18,189,null,null,null,null,null,null
7/9/18,190,null,null,null,null,null,null
7/10/18,191,null,null,null,null,null,null
7/11/18,192,32.81097561,null,36.43521341,null,null,null
7/12/18,193,47.68288177,null,55.38218391,11.56259742,null,1919.748322
7/13/18,194,29.875,null,36.75,0.159725414,null,18.06872059
7/14/18,195,null,null,null,null,null,null
7/15/18,196,null,null,null,null,null,null
7/16/18,197,null,null,null,null,null,null
7/17/18,198,null,null,null,null,null,null
7/18/18,199,null,null,null,null,null,null
7/19/18,200,null,null,null,null,null,null
7/20/18,201,null,null,null,null,null,null
7/21/18,202,null,null,null,null,null,null
7/22/18,203,43.85440784,null,51.5111309,18.8170159,null,3177.088864
7/23/18,204,40.17981992,null,47.2595339,18.83838156,null,2867.860658
7/24/18,205,39.9141012,null,46.33209483,18.86464088,null,2629.247814
7/25/18,206,38.74382062,null,45.03001412,18.6662025,null,2218.302642
7/26/18,207,37.85846888,null,44.75371287,7.710081748,null,1234.10493
7/27/18,208,46.19896871,null,54.36895448,6.507199761,null,1001.059189
7/28/18,209,40.66769802,null,48.03235502,7.463084953,null,1152.75739
7/29/18,210,45.15171621,null,53.49026893,13.38111124,null,2423.438827
7/30/18,211,40.63425926,null,47.38081166,17.38675085,null,2773.700173
7/31/18,212,42.74404762,null,50.07910906,18.83971098,null,3163.661866
8/1/18,213,43.11768343,null,50.78915911,18.85370066,null,3178.301418
8/2/18,214,43.76520509,null,51.43051627,18.86570341,null,3044.925625
8/3/18,215,44.55557516,null,52.35532816,18.88290861,null,3144.584531
8/4/18,216,42.21350494,null,49.1440409,18.85940336,null,3106.956256
8/5/18,217,34.35815102,null,39.84244884,18.78929045,null,2081.005159
8/6/18,218,38.39116379,null,45.23688937,3.760432008,null,415.1722389
8/7/18,219,40.95311394,null,48.51096957,13.80221277,null,2051.504053
8/8/18,220,39.52287986,null,47.61219081,18.89831002,null,3362.730415
8/9/18,221,44.83149421,null,52.90050651,18.8595726,null,3020.659442
8/10/18,222,42.4916996,null,50.51205534,18.89145658,null,3126.344776
8/11/18,223,43.40799574,null,51.4915326,18.86242143,null,2870.934524
8/12/18,224,41.2943977,null,48.15655447,18.80290806,null,2637.43221
8/13/18,225,42.32866455,null,49.12438337,18.83764693,null,2903.282491
8/14/18,226,42.13736792,null,48.56460134,18.80176281,null,2808.623992
8/15/18,227,null,null,null,null,null,null
8/16/18,228,37.06206522,null,46.00434783,4.04508935,null,693.2926969
8/17/18,229,40.81272085,null,47.78038869,6.255191491,null,795.440971
8/18/18,230,44.40702188,null,52.41213832,11.98413644,null,1972.525081
8/19/18,231,40.2569788,null,46.94611307,15.17737584,null,2221.967535
8/20/18,232,41.40631616,null,47.89043754,18.44881679,null,3016.977259
8/21/18,233,36.45347811,null,43.38524011,17.83627435,null,2595.719292
8/22/18,234,42.62949894,null,49.65543402,18.20710708,null,2800.815341
8/23/18,235,41.66710805,null,49.6634887,18.44860697,null,2967.067327
8/24/18,236,43.75238347,null,51.79890537,18.87295455,null,3373.937469
8/25/18,237,44.21628114,null,52.23647687,18.88035714,null,3299.200105
8/26/18,238,41.17471358,null,48.98139159,18.85080645,null,2745.601993
8/27/18,239,null,null,null,null,null,null
8/28/18,240,null,null,null,null,null,null
8/29/18,241,39.14821429,null,45.67589286,15.75202082,null,2437.570348
8/30/18,242,40.06890459,null,46.91908127,18.81025725,null,2928.800604
8/31/18,243,42.40876234,null,49.87041608,18.84476534,null,2988.458579
9/1/18,244,37.23553282,null,43.27505293,18.81935976,null,2181.422183
9/2/18,245,36.13520679,null,42.20379859,12.59333627,null,1601.642092
9/3/18,246,41.25617502,null,48.72106563,18.82037065,null,3076.162412
9/4/18,247,41.34295326,null,48.32542493,18.83698105,null,2929.570244
9/5/18,248,40.78379868,null,48.19787078,18.85641892,null,2937.369516
9/6/18,249,38.17831921,null,45.43644068,15.84339068,null,2584.634372
9/7/18,250,41.2177762,null,48.62190156,17.29301191,null,2741.96051
9/8/18,251,39.23810369,null,46.09321733,18.82679372,null,3210.885151
9/9/18,252,39.23460722,null,45.91578202,18.80254585,null,2808.858625
9/10/18,253,41.61342086,null,49.22702407,18.8597725,null,3388.103029
9/11/18,254,38.69496069,null,44.92673338,18.81143323,null,2669.374572
9/12/18,255,41.56840278,null,48.60729167,18.81785714,null,2829.594313
9/13/18,256,34.4488,null,41.0188,null,null,null
9/14/18,257,41.92137809,null,49.59575972,18.8456422,null,3208.455072
9/15/18,258,41.50309187,null,49.43639576,18.84441748,null,3303.175934
9/16/18,259,42.55123675,null,50.73551237,18.84747706,null,3353.187095
9/17/18,260,43.60157368,null,50.82278255,18.84370003,null,3402.752144
9/18/18,261,43.19391994,null,49.75849698,18.84791667,null,3331.761589
9/19/18,262,43.79801559,null,49.13979447,18.82524203,null,3269.453478
9/20/18,263,42.50786219,null,49.9680212,18.82724592,null,3201.000335
9/21/18,264,24.1612447,null,28.75344767,0.164536124,null,10.14653063
9/22/18,265,28.87173145,null,34.06996466,1.502691817,null,153.4363983
9/23/18,266,21.97549655,null,25.63547064,0.106514254,null,4.635038927
9/24/18,267,59.02192982,null,71.51973684,18.90460526,null,3887.72564